{"trans_loss": 0.9517213702201843, "_step": 79, "_runtime": 1, "_timestamp": 1605736994, "reward_loss": 28.755386352539062, "mb_actor_loss": 2.5458338260650635, "mb_critic_loss": 8.595296859741211}