{"trans_loss": 0.5240052342414856, "_step": 79, "_runtime": 1, "_timestamp": 1605737233, "reward_loss": 16.25337028503418, "mb_actor_loss": 3.0541088581085205, "mb_critic_loss": 18.267032623291016}