{"trans_loss": 4.371984958648682, "_step": 3, "_runtime": 1, "_timestamp": 1605736818, "reward_loss": 46.887420654296875, "mb_actor_loss": -0.05540589243173599, "mb_critic_loss": 1.8995797634124756}