{"trans_loss": 1.0196696519851685, "_step": 79, "_runtime": 1, "_timestamp": 1605736876, "reward_loss": 25.65071678161621, "mb_actor_loss": 2.8348307609558105, "mb_critic_loss": 6.143538475036621}