{"trans_loss": 0.7677715420722961, "_step": 79, "_runtime": 1, "_timestamp": 1605737037, "reward_loss": 17.490739822387695, "mb_actor_loss": 2.100044012069702, "mb_critic_loss": 9.952771186828613}