{"trans_loss": 0.8757105469703674, "_step": 79, "_runtime": 1, "_timestamp": 1605737164, "reward_loss": 9.636043548583984, "mb_actor_loss": 3.2997262477874756, "mb_critic_loss": 20.10904884338379}