{"trans_loss": 1.1008374691009521, "_step": 79, "_runtime": 2, "_timestamp": 1605737086, "reward_loss": 24.57011604309082, "mb_actor_loss": 3.057529926300049, "mb_critic_loss": 7.179267883300781}