{"trans_loss": 0.5690763592720032, "_step": 79, "_runtime": 1, "_timestamp": 1605737064, "reward_loss": 21.537946701049805, "mb_actor_loss": 2.1855838298797607, "mb_critic_loss": 17.19230842590332}