{"trans_loss": 1.065686821937561, "_step": 79, "_runtime": 2, "_timestamp": 1605736942, "reward_loss": 20.096738815307617, "mb_actor_loss": 2.073526620864868, "mb_critic_loss": 9.73558235168457}